,Player,Position,Team,Shot Index,PSA Index,Passing Index,Entry Index,Danger Pass Index,Danger Shot Index,Takeaways Index,Puck Recovery Index
0,Emily Clark,F,Olympic (Women) - Canada,0.0413589364844904,0.037693177534866194,0.09716081790549877,0.026269702276707534,0.03749531308586427,0.004343629343629344,0.07650273224043716,0.33551769331585846
1,Meaghan Mikkelson,D,Olympic (Women) - Canada,0.029542097488921712,0.008443271767810026,0.5809961315280463,-0.0024518388791593703,0.013123359580052493,0.0006756756756756757,0.026775956284153007,0.6347889908256881
2,Sarah Nurse,F,Olympic (Women) - Canada,0.27311669128508126,0.05171503957783641,0.14042553191489363,0.2551663747810858,0.10498687664041995,0.22837837837837838,0.053551912568306013,0.38179816513761466
3,Lyudmila Belyakova,F,Olympic (Women) - Olympic Athletes from Russia,0.3050847457627119,0.023809523809523808,0.020697167755991286,0.12903225806451613,0.03125,0.4444444444444444,0.07758620689655173,0.2723970944309927
4,Maria Batalova,D,Olympic (Women) - Olympic Athletes from Russia,0.211864406779661,0.8571428571428571,1.6427015250544663,-0.024193548387096774,0.03125,0.0,0.21551724137931036,3.7966101694915255
5,Olga Sosina,F,Olympic (Women) - Olympic Athletes from Russia,0.847457627118644,0.38095238095238093,0.03594771241830065,0.12903225806451613,0.125,0.0,0.07758620689655173,0.5338983050847458
6,Valeria Pavlova,F,Olympic (Women) - Olympic Athletes from Russia,1.2203389830508475,0.0,0.17429193899782136,0.967741935483871,0.03125,2.25,0.07758620689655173,0.7566585956416465
7,Laura Stacey,F,Olympic (Women) - Canada,0.0998522895125554,0.03799472295514512,0.08812862669245648,0.07845884413309984,0.02125984251968504,0.040878378378378384,0.04617486338797814,0.17471559633027522
8,Marie-Philip Poulin,F,Olympic (Women) - Canada,0.280834564254062,0.7598944591029024,1.517921905222437,0.19264448336252188,0.2572178477690289,0.16891891891891891,0.34972677595628415,0.8360091743119267
9,Renata Fast,D,Olympic (Women) - Canada,0.07149187592319055,0.026385224274406333,0.6568907156673113,0.029947460595446583,0.012860892388451445,0.0030405405405405407,0.19918032786885245,1.7280366972477061
10,Melodie Daoust,F,Olympic (Women) - Canada,0.1654357459379616,0.19939690915944214,0.7249240121580548,0.07505629221916438,0.19835020622422198,0.277992277992278,0.047228727556596406,0.49326343381389254
11,Yelena Dergachyova,F,Olympic (Women) - Olympic Athletes from Russia,0.07627118644067797,0.09523809523809523,0.20915032679738566,0.056451612903225805,0.28125,0.1111111111111111,0.13793103448275862,1.0895883777239708
12,Anna Shokhina,F,Olympic (Women) - Olympic Athletes from Russia,0.211864406779661,0.0,-0.10784313725490195,0.12096774193548387,0.28125,0.0,0.21551724137931036,0.9491525423728814
13,Meghan Agosta,F,Olympic (Women) - Canada,0.44933530280649925,0.27915567282321896,0.2553191489361702,0.38248686514886165,0.3826771653543307,0.19527027027027027,0.07868852459016393,0.5302752293577983
14,Yekaterina Nikolayeva,D,Olympic (Women) - Olympic Athletes from Russia,0.00847457627118644,0.0,0.14052287581699346,0.0,0.03125,0.0,0.21551724137931036,1.6573849878934626
15,Brigette Lacquette,D,Olympic (Women) - Canada,0.46322008862629244,0.15197889182058047,1.4047630560928435,-0.0008756567425569177,0.0758530183727034,0.0013513513513513514,0.10928961748633878,1.1758165137614678
16,Angelina Goncharenko,D,Olympic (Women) - Olympic Athletes from Russia,0.03389830508474576,0.0,0.10784313725490195,-0.03225806451612903,0.0,0.0,0.034482758620689655,1.2397094430992737
17,Liana Ganeyeva,D,Olympic (Women) - Olympic Athletes from Russia,0.00847457627118644,0.0,0.23420479302832242,0.0,0.0,0.0,0.4224137931034483,1.569007263922518
18,Haley Irwin,F,Olympic (Women) - Canada,0.029542097488921712,0.025857519788918204,0.11010638297872341,-0.0017513134851138354,0.04251968503937008,0.05472972972972974,0.008743169398907104,0.12337614678899082
19,Rebecca Johnston,F,Olympic (Women) - Canada,0.8757754800590842,0.42216358839050133,1.0056818181818181,0.5148861646234676,0.6047244094488189,0.595945945945946,0.06994535519125683,1.1758165137614678
20,Laura Fortino,D,Olympic (Women) - Canada,0.32629246676514034,0.25356200527704487,2.379110251450677,0.002626970227670755,0.05905511811023621,0.057094594594594594,0.18469945355191256,1.9244403669724768
21,Brianne Jenner,F,Olympic (Women) - Canada,0.4307237813884786,0.16490765171503957,0.4288926499032882,0.30262697022767077,0.379002624671916,0.3679054054054054,0.21420765027322405,0.8367339449541283
22,Yevgenia Dyupina,F,Olympic (Women) - Olympic Athletes from Russia,0.03389830508474576,0.0,0.017429193899782137,0.0,0.0,0.0,0.0,0.3922518159806295
23,Yekaterina Smolina,F,Olympic (Women) - Olympic Athletes from Russia,0.03389830508474576,0.023809523809523808,0.0,0.12903225806451613,0.0,0.0,0.21551724137931036,0.3099273607748184
24,Natalie Spooner,F,Olympic (Women) - Canada,0.2859675036927622,0.031926121372031664,0.030681818181818192,0.16952714535901925,0.3401574803149606,0.1787162162162162,0.14453551912568305,0.46033027522935777
25,Nadezhda Morozova,G,Olympic (Women) - Olympic Athletes from Russia,0.0,0.0,0.034858387799564274,0.0,0.0,0.0,0.0,0.0387409200968523
26,Ann-Renee Desbiens,G,Olympic (Women) - Canada,0.0,0.0,0.033849129593810444,0.0,0.0,0.0,0.0,0.07192660550458715
27,Jocelyne Larocque,D,Olympic (Women) - Canada,0.09231905465288036,0.03799472295514512,0.970527079303675,-0.011208406304728545,0.009448818897637795,0.0013513513513513514,0.13224043715846995,1.5422018348623854
28,Fanuza Kadirova,F,Olympic (Women) - Olympic Athletes from Russia,0.06779661016949153,0.0,-0.04357298474945534,0.12903225806451613,0.0625,0.0,0.017241379310344827,0.34866828087167073
29,Bailey Bram,F,Olympic (Women) - Canada,0.0033234859675036928,0.0006596306068601583,0.0,0.0,0.0,0.0033783783783783786,0.0,0.003302752293577982
30,Lauriane Rougeau,D,Olympic (Women) - Canada,0.007385524372230428,0.008443271767810026,0.6028529980657641,-5.833045663529719e-19,0.013123359580052493,0.010810810810810811,0.019672131147540982,0.6485137614678899
31,Nina Pirogova,D,Olympic (Women) - Olympic Athletes from Russia,0.13559322033898305,0.09523809523809523,0.43899782135076254,0.03225806451612903,0.0,0.1111111111111111,0.21551724137931036,0.5338983050847458
32,Jillian Saulnier,F,Olympic (Women) - Canada,0.047858197932053176,0.13957783641160948,0.1499274661508704,0.058844133099824864,0.06719160104986877,0.033783783783783786,0.061475409836065566,0.15504587155963304
33,Yekaterina Lovova,D,Olympic (Women) - Olympic Athletes from Russia,0.00847457627118644,0.023809523809523808,0.12200435729847495,0.0,0.0,0.0,0.13793103448275862,0.437046004842615
34,Jennifer Wakefield,F,Olympic (Women) - Canada,0.17016248153618907,0.025857519788918204,0.03017408123791103,0.059894921190893166,0.06351706036745407,0.0972972972972973,0.013661202185792348,0.12337614678899082
35,Alevtina Shtaryova,F,Olympic (Women) - Olympic Athletes from Russia,0.00847457627118644,0.21428571428571427,0.1437908496732026,0.29032258064516125,0.03125,0.027777777777777776,0.13793103448275862,0.3099273607748184
36,Blayre Turnbull,F,Olympic (Women) - Canada,0.059084194977843424,0.03799472295514512,0.1723404255319149,0.11348511383537654,0.026246719160104987,0.02736486486486487,0.06994535519125683,0.39691743119266054
37,Nadezhda Alexandrova,G,Olympic (Women) - Olympic Athletes from Russia,0.0,0.0,0.0,0.0,0.0,0.0,0.0,0.0
38,Alyona Starovoitova,F,Olympic (Women) - Olympic Athletes from Russia,0.00847457627118644,0.0,-0.007625272331154684,0.03225806451612903,0.0,0.0,0.0,0.04358353510895884
39,Diana Kanayeva,F,Olympic (Women) - Olympic Athletes from Russia,0.00847457627118644,0.023809523809523808,-0.017429193899782137,0.024193548387096774,0.03125,0.0,0.008620689655172414,0.0774818401937046
40,Svetlana Tkachyova,D,Olympic (Women) - Olympic Athletes from Russia,0.0,0.0,-0.002178649237472767,0.0,0.0,0.0,0.0,0.002421307506053269
41,Isa Rahunen,D,Olympic (Women) - Finland,0.0101010101010101,0.0,0.2710176991150442,-0.009389671361502348,0.0,0.0,0.05387205387205388,0.7469654528478058
42,Minnamari Tuominen,D,Olympic (Women) - Finland,0.6464646464646464,0.12626262626262627,1.0232300884955754,-0.05633802816901408,0.16025641025641027,0.008333333333333333,0.08417508417508418,1.2142857142857142
43,Venla Hovi,F,Olympic (Women) - Finland,0.06313131313131314,0.00505050505050505,0.04424778761061949,0.0751173708920188,0.10256410256410257,0.008333333333333333,0.16498316498316498,0.2689075630252101
44,Ronja Savolainen,D,Olympic (Women) - Finland,0.3055555555555555,0.0202020202020202,1.379424778761062,0.049295774647887335,0.025641025641025644,0.075,0.2154882154882155,3.294117647058824
45,Rosa Lindstedt,D,Olympic (Women) - Finland,0.022727272727272728,0.0,0.5003687315634219,-0.00704225352112676,0.006410256410256411,0.03333333333333333,0.2154882154882155,1.1671335200746966
46,Linda Valimaki,F,Olympic (Women) - Finland,0.0404040404040404,0.0808080808080808,0.05936578171091446,0.11502347417840375,0.025641025641025644,0.008333333333333333,0.27272727272727276,0.29178338001867415
47,Jenni Hiirikoski,D,Olympic (Women) - Finland,0.9116161616161617,0.3232323232323232,3.1622418879056053,0.025821596244131464,0.006410256410256411,0.03333333333333333,0.05387205387205388,5.546685340802989
48,Annina Rajahuhta,F,Olympic (Women) - Finland,0.022727272727272728,0.00505050505050505,0.016592920353982302,0.0,0.05769230769230769,0.008333333333333333,0.030303030303030304,0.037815126050420166
49,Sanni Hakala,F,Olympic (Women) - Finland,0.003787878787878788,0.0,0.0027654867256637168,0.0,0.0,0.0125,0.005050505050505051,0.011204481792717087
50,Emma Nuutinen,F,Olympic (Women) - Finland,0.0101010101010101,0.0202020202020202,0.03502949852507375,0.0187793427230047,0.05769230769230769,0.008333333333333333,0.0033670033670033673,0.0788982259570495
51,Noora Tulus,F,Olympic (Women) - Finland,0.06313131313131314,0.40909090909090906,0.5025811209439528,0.05633802816901409,0.05769230769230769,0.03333333333333333,0.030303030303030304,0.2058823529411765
52,Tanja Niskanen,F,Olympic (Women) - Finland,0.09090909090909091,0.0202020202020202,0.07964601769911504,0.08215962441314553,0.0,0.075,0.030303030303030304,0.18674136321195145
53,Mira Jalosuo,D,Olympic (Women) - Finland,0.12121212121212122,0.0,0.016592920353982302,-0.007042253521126761,0.019230769230769232,0.0,0.04040404040404041,0.3151260504201681
54,Susanna Tapani,F,Olympic (Women) - Finland,0.3055555555555555,0.611111111111111,1.205014749262537,0.8262910798122065,0.5192307692307693,0.6749999999999999,0.3367003367003367,1.412231559290383
55,Riikka Sallinen,F,Olympic (Women) - Finland,0.0404040404040404,0.12626262626262627,0.48856932153392324,0.016431924882629106,0.23076923076923075,0.13333333333333333,0.08417508417508418,0.6741363211951447
56,Michelle Karvinen,F,Olympic (Women) - Finland,0.5681818181818181,0.18181818181818182,1.4996312684365782,0.5798122065727699,0.6410256410256411,0.03333333333333333,0.16498316498316498,1.0756302521008403
57,Shannon Szabados,G,Olympic (Women) - Canada,0.0,0.0,0.2263056092843327,0.0,0.0,0.0,0.008743169398907104,0.45805504587155965
58,Petra Nieminen,F,Olympic (Women) - Finland,0.25252525252525254,0.0808080808080808,0.23598820058997047,0.35915492957746475,0.006410256410256411,0.3,0.3367003367003367,0.4486461251167133
59,Noora Raty,G,Olympic (Women) - Finland,0.0,0.0,0.26548672566371684,0.0,0.0,0.0,0.0033670033670033673,0.6391223155929039
60,Sara Sakkinen,F,Olympic (Women) - Finland,0.030303030303030304,0.0,0.00995575221238938,0.06338028169014084,0.019230769230769232,0.0,0.0,0.0350140056022409
61,Saila Saari,F,Olympic (Women) - Finland,0.0,0.015151515151515152,-0.00331858407079646,0.0,0.0,0.0,0.04040404040404041,0.0056022408963585435
62,Dani Cameranesi,F,Olympic (Women) - United States,0.15084117479327058,0.2179930795847751,0.3345899676231871,0.20069686411149829,0.135623869801085,0.12509252405625462,0.08716707021791768,0.7328825021132713
63,Brianna Decker,F,Olympic (Women) - United States,0.34930139720558884,0.5714285714285714,1.4485297378808712,0.26655052264808365,0.21760096443640747,0.16654330125832714,0.5447941888619854,0.8679205409974642
64,Megan Keller,D,Olympic (Women) - United States,0.26397205588822353,0.08650519031141869,1.094768705371003,0.00975609756097561,0.016877637130801686,0.06347150259067356,0.08580508474576272,0.9330621301775147
65,Emily Pfalzer,D,Olympic (Women) - United States,0.2566295979469632,0.12654473554127532,1.4306116113008382,0.01951219512195122,0.048824593128390596,0.03626943005181347,0.1549636803874092,1.9645674837982532
66,Kendall Coyne Schofield,F,Olympic (Women) - United States,0.45623039635015683,0.12654473554127532,0.4578879673570764,0.7275261324041811,0.47257383966244726,0.26720947446336046,0.1961259079903148,1.227387996618766
67,Hannah Brandt,F,Olympic (Women) - United States,0.07485029940119761,0.11303344867358708,0.3725551071095933,0.03414634146341464,0.20323488045007032,0.10449050086355786,0.1016949152542373,0.5937705456936225
68,Kali Flanagan,D,Olympic (Women) - United States,0.008982035928143714,0.0017301038062283738,0.03725551071095933,0.03048780487804878,0.0189873417721519,0.010362694300518135,0.07627118644067797,0.09861932938856016
69,Kelly Pannek,F,Olympic (Women) - United States,0.1277445109780439,0.3814878892733564,0.42913691400186277,0.21036585365853658,0.17827004219409284,0.10492227979274611,0.06779661016949153,0.41469428007889547
70,Sidney Morin,D,Olympic (Women) - United States,0.17604790419161676,0.033910034602076124,0.8157094070164544,0.0175609756097561,0.054008438818565395,0.0010362694300518134,0.0211864406779661,0.7637080867850099
71,Lee Stecklein,D,Olympic (Women) - United States,0.20786997433704021,0.04943153732081068,1.225839357785958,-0.0017421602787456446,0.0216998191681736,0.006661732050333087,0.21852300242130748,1.758523527754297
72,Monique Lamoureux,F,Olympic (Women) - United States,0.08083832335329341,0.0847750865051903,0.25706302390561936,0.04878048780487805,0.03375527426160337,0.023316062176165803,0.03389830508474576,0.07988165680473373
73,Meghan Duggan,F,Olympic (Women) - United States,0.035928143712574856,0.02768166089965398,0.03725551071095933,0.01951219512195122,0.0189873417721519,0.06476683937823834,0.07627118644067797,0.03550295857988166
74,Amanda Pelkey,F,Olympic (Women) - United States,0.02554890219560878,0.0,0.015088481837938528,0.009756097560975608,0.013502109704641349,0.00932642487046632,0.003389830508474576,0.02850098619329388
75,Gigi Marvin,F,Olympic (Women) - United States,0.040419161676646706,0.04238754325259515,0.035315119528096864,0.06829268292682927,0.00949367088607595,0.06347150259067356,0.009533898305084746,0.0652120315581854
76,Cayla Barnes,D,Olympic (Women) - United States,0.16167664670658682,0.19463667820069203,0.9325520024837007,0.009146341463414635,0.0379746835443038,0.011658031088082901,0.01694915254237288,0.8698224852071007
77,Maddie Rooney,G,Olympic (Women) - United States,0.0,0.0,0.13054951878298665,0.0,0.0,0.0,0.0,0.1797337278106509
78,Kacey Bellamy,D,Olympic (Women) - United States,0.5520387795836897,0.2179930795847751,2.0417350423559677,-0.00940766550522648,0.038577456298975285,0.002960769800148039,0.1549636803874092,2.059805579036348
79,Hilary Knight,F,Olympic (Women) - United States,0.6569717707442259,0.28472565496786945,0.862198962167916,0.27595818815331014,0.4394213381555154,0.3915618060695781,0.02179176755447942,0.806494787264018
80,Amanda Kessel,F,Olympic (Women) - United States,0.17821499857428003,0.36035590706870985,0.462101388211292,0.27595818815331014,0.17420132610006028,0.18948926720947448,0.11864406779661017,0.4176528599605523
81,Jocelyne Lamoureux,F,Olympic (Women) - United States,0.08083832335329341,0.06228373702422145,0.1727724309220739,0.12073170731707317,0.1350210970464135,0.06476683937823834,0.00847457627118644,0.08900394477317554
82,Haley Skarupa,F,Olympic (Women) - United States,0.00998003992015968,0.0,0.0029804408568767466,0.001951219512195122,0.003375527426160337,0.00932642487046632,0.003389830508474576,0.004832347140039448
83,Genevieve Lacasse,G,Olympic (Women) - Canada,0.0,0.0,0.029859767891682786,0.0,0.0,0.0,0.0,0.08880733944954128
84,Viktoria Kulishova,F,Olympic (Women) - Olympic Athletes from Russia,0.0,0.0,-0.032679738562091505,0.016129032258064516,0.0625,0.0,0.017241379310344827,0.06053268765133172
85,Valeria Tarakanova,G,Olympic (Women) - Olympic Athletes from Russia,0.0,0.0,0.0196078431372549,0.0,0.0,0.0,0.0,0.02179176755447942
86,Yekaterina Likhachyova,F,Olympic (Women) - Olympic Athletes from Russia,0.0,0.0,0.0,0.016129032258064516,0.0,0.0,0.0,0.0387409200968523
87,Kayla Nielsen,F,St. Lawrence Saints,0.5102040816326531,0.5568181818181818,0.5514705882352942,0.13043478260869565,0.1,0.5697674418604651,0.12121212121212122,0.5176125244618395
88,Justine Reyes,F,St. Lawrence Saints,0.6173469387755102,0.28409090909090906,0.1764705882352941,0.9130434782608696,0.5444444444444445,0.41860465116279066,0.1893939393939394,0.9403131115459882
89,Ella Shelton,D,Clarkson Golden Knights,0.8663101604278074,0.1179245283018868,3.0879848628193,0.052980132450331126,0.006024096385542169,0.007462686567164179,0.3181818181818182,3.502702702702703
90,Skylar Podvey,D,St. Lawrence Saints,0.413265306122449,0.045454545454545456,1.2251838235294117,-0.08695652173913043,0.011111111111111112,0.046511627906976744,0.2727272727272727,1.8943248532289627
91,Cassidy Vinkle,F,Clarkson Golden Knights,0.1711229946524064,0.07547169811320754,0.2384105960264901,0.14900662251655628,0.21686746987951805,0.18656716417910446,0.3181818181818182,0.4925675675675676
92,Taylar Cianfarano,F,Clarkson Golden Knights,0.3235294117647059,0.1179245283018868,0.42431409649952695,0.7417218543046358,0.0963855421686747,0.47761194029850745,0.23376623376623376,0.6081081081081081
93,Taylor Turnquist,D,Clarkson Golden Knights,1.2572786690433748,1.211740041928721,4.16493219804478,0.14937454010301693,0.43373493975903615,0.13432835820895522,0.6984126984126984,7.005405405405406
94,Rachael Smith,F,St. Lawrence Saints,0.7346938775510203,0.28409090909090906,0.2895220588235294,0.4945652173913043,0.2777777777777778,0.29069767441860467,0.2727272727272727,0.8228962818003913
95,Kelly Mariani,F,Clarkson Golden Knights,0.0427807486631016,0.07547169811320754,0.5827814569536425,0.33112582781456956,0.05421686746987951,0.007462686567164179,0.3181818181818182,0.4925675675675676
96,Kalie Grant,F,St. Lawrence Saints,0.12755102040816327,0.10227272727272727,0.29871323529411764,0.1141304347826087,0.1,0.29069767441860467,0.1893939393939394,0.7133072407045009
97,Loren Gabel,F,Clarkson Golden Knights,1.8302139037433156,0.46226415094339623,1.6717123935666982,0.8741721854304636,1.0873493975903614,0.9552238805970149,0.02922077922077922,1.6084459459459461
98,Kassidy Sauve,G,Clarkson Golden Knights,0.0,0.0,0.12062440870387892,0.0,0.0,0.0,0.0,0.2702702702702703
99,Jacquie Diffley,D,St. Lawrence Saints,0.0,0.0,0.6286764705882353,-0.021739130434782608,0.011111111111111112,0.0,0.030303030303030304,1.0655577299412915
100,Nadine Edney,F,St. Lawrence Saints,0.5102040816326531,1.9204545454545456,0.9301470588235294,0.657608695652174,0.4,0.29069767441860467,0.2727272727272727,0.9403131115459882
101,Maggie McLaughlin,F,St. Lawrence Saints,0.5102040816326531,0.045454545454545456,-0.19117647058823528,0.06521739130434782,0.044444444444444446,0.41860465116279066,0.030303030303030304,0.5636007827788649
102,Steph Keryluk,F,St. Lawrence Saints,0.32653061224489793,0.011363636363636364,0.3943014705882353,0.13043478260869565,0.2777777777777778,0.046511627906976744,0.030303030303030304,0.31702544031311153
103,Josiane Pozzebon,D,Clarkson Golden Knights,0.1711229946524064,0.3820754716981132,3.0879848628193,0.026490066225165563,0.05421686746987951,0.007462686567164179,0.1038961038961039,2.1952702702702704
104,Michala Pejzlova,F,Clarkson Golden Knights,0.09625668449197862,0.5707547169811321,1.4701986754966887,0.33112582781456956,0.4879518072289157,0.26865671641791045,0.05844155844155844,1.4297297297297298
105,Elizabeth Giguere,F,Clarkson Golden Knights,0.7727272727272727,0.169811320754717,0.3632923368022706,0.8178807947019868,1.0180722891566265,0.9029850746268657,0.05844155844155844,0.4925675675675676
106,Taylor Sawka,F,Clarkson Golden Knights,0.0,0.0047169811320754715,0.0,0.0,0.006024096385542169,0.0,0.006493506493506494,0.002702702702702703
107,Emma Keenan,D,Clarkson Golden Knights,0.1711229946524064,0.0047169811320754715,1.1239356669820246,0.0,0.0,0.0,0.16233766233766234,1.897972972972973
108,Lydia Grauer,D,St. Lawrence Saints,0.25,0.045454545454545456,1.0340073529411764,0.043478260869565216,0.044444444444444446,0.0,0.3712121212121212,2.3493150684931505
109,Morgan Helgeson,F,Clarkson Golden Knights,0.024064171122994655,0.04245283018867925,0.26490066225165565,0.026490066225165563,0.006024096385542169,0.06716417910447761,0.0,0.17297297297297298
110,Kristy Pidgeon,F,Clarkson Golden Knights,0.26737967914438504,0.1179245283018868,0.24834437086092717,0.0,0.05421686746987951,0.11940298507462686,0.05844155844155844,0.8277027027027027
111,Amanda Butterfield,D,St. Lawrence Saints,0.08163265306122448,0.045454545454545456,1.0514705882352942,0.0,0.011111111111111112,0.0,0.1893939393939394,2.74853228962818
112,Avery Mitchell,D,Clarkson Golden Knights,0.09625668449197862,0.018867924528301886,0.46121097445600756,0.016556291390728478,0.0,0.0,0.05844155844155844,0.3891891891891892
113,Charlea Pedersen,F,St. Lawrence Saints,0.00510204081632653,0.0,0.09926470588235295,0.016304347826086956,0.044444444444444446,0.0,0.12121212121212122,0.28277886497064575
114,Tia Stoddard,F,Clarkson Golden Knights,0.06684491978609626,0.018867924528301886,0.041627246925260174,0.0033112582781456954,0.024096385542168676,0.029850746268656716,0.05844155844155844,0.24391891891891893
115,Jessica Poirier,F,St. Lawrence Saints,0.02040816326530612,0.0,0.09650735294117647,0.0,0.044444444444444446,0.011627906976744186,0.12121212121212122,0.31702544031311153
116,Claire Dudley,D,St. Lawrence Saints,0.00510204081632653,0.0,0.25735294117647056,0.005434782608695652,0.044444444444444446,0.0,0.007575757575757576,0.8228962818003913
117,Kristen Guerriero,D,St. Lawrence Saints,0.02040816326530612,0.011363636363636364,0.02665441176470588,-0.06521739130434782,0.011111111111111112,0.0,0.06818181818181818,1.0019569471624266
118,Grace Harrison,G,St. Lawrence Saints,0.0,0.0,0.14705882352941177,0.0,0.0,0.0,0.0,0.23679060665362034
119,Natalie Wozney,F,St. Lawrence Saints,0.18367346938775508,0.011363636363636364,0.03308823529411765,0.048913043478260865,0.044444444444444446,0.18604651162790697,0.12121212121212122,0.25048923679060664
120,Sonjia Shelly,G,St. Lawrence Saints,0.0,0.0,0.24264705882352944,0.0,0.0,0.0,0.0,0.345075016307893
121,Stephanie Voge,F,St. Lawrence Saints,0.0,0.0,-0.001838235294117647,0.0,0.0,0.0,0.0,0.01761252446183953
122,Brittany Howard,F,Olympic (Women) - Canada,0.0,0.0,0.0,0.0,0.0,0.0,0.0,0.0003669724770642202
123,Alex Cavalini,G,Olympic (Women) - United States,0.0,0.0,0.2328469419434958,0.0,0.0,0.0,0.0,0.4437869822485207
124,Megan Bozek,D,Olympic (Women) - United States,0.19321357285429144,0.01730103806228374,0.4442719652281901,-0.010243902439024392,0.013502109704641349,0.016580310880829015,0.05423728813559322,1.35
125,Rebecca Leslie,F,Olympic (Women) - Canada,0.004431314623338257,0.0,0.01644100580270793,0.005253940455341506,0.003499562554680665,0.010135135135135136,0.022768670309653915,0.059204892966360854
126,Erin Ambrose,D,Olympic (Women) - Canada,0.23161004431314622,0.0891820580474934,1.0176499032882012,-0.0017513134851138354,0.10288713910761156,0.05472972972972974,0.04426229508196721,1.0393394495412844
127,Halli Krzyzaniak,D,Olympic (Women) - Canada,0.05957656326932545,0.01407211961301671,0.16441005802707928,-0.0005837711617046118,0.0008748906386701663,0.0,0.058287795992714025,0.14984709480122324
128,Savannah Harmon,D,Olympic (Women) - United States,0.016633399866932803,0.0,-0.03477180999689538,0.0,0.0,0.0,0.022598870056497175,0.2373438527284681
129,Hayley Scamurra,F,Olympic (Women) - United States,0.04830339321357286,0.0027681660899653983,0.09140018627755356,0.007317073170731709,0.02109704641350211,0.05077720207253885,0.04152542372881356,0.19092702169625247
130,Jamie Lee Rattray,F,Olympic (Women) - Canada,0.014475627769571639,0.01899736147757256,0.031141199226305608,0.00945709281961471,0.01889763779527559,0.024324324324324326,0.026775956284153007,0.038825688073394496
131,Emerance Maschmeyer,G,Olympic (Women) - Canada,0.0,0.0,0.05742263056092843,0.0,0.0,0.0,0.001366120218579235,0.12403669724770643
132,Dana Trivigno,F,Olympic (Women) - United States,0.010645375914836991,0.0011534025374855825,0.011176653213287799,0.0008130081300813008,0.0014064697609001405,0.0017271157167530226,0.005649717514124294,0.01643655489809336
133,Alex Carpenter,F,Olympic (Women) - United States,0.10219560878243512,0.06920415224913495,0.2895995032598572,0.07024390243902438,0.06835443037974684,0.14922279792746113,0.05423728813559322,0.41666666666666663
134,Zoe Hickel,F,Olympic (Women) - United States,0.0,0.0011534025374855825,0.0,0.0024390243902439024,0.0014064697609001405,0.0,0.0014124293785310734,0.0026298487836949377
135,Shelly Picard,D,Olympic (Women) - United States,0.0124750499001996,0.007785467128027681,0.15367898168270722,0.0,0.0010548523206751054,0.0051813471502590676,0.01694915254237288,0.3206360946745562
136,Ann-Sophie Bettez,F,Olympic (Women) - Canada,0.04254062038404727,0.06385224274406333,0.2,0.019614711033274956,0.04251968503937008,0.05472972972972974,0.05464480874316939,0.16910091743119268
137,Victoria Bach,F,Olympic (Women) - Canada,0.01772525849335303,0.0035180299032541774,-0.01257253384912959,0.04495037945125511,0.021872265966754154,0.0045045045045045045,0.07377049180327869,0.053944954128440366
138,Kaitlin Burt,G,Olympic (Women) - United States,0.0,0.0,0.03725551071095933,0.0,0.0,0.0,0.0,0.07100591715976332
139,Katelyn Gosling,D,Olympic (Women) - Canada,0.0,0.0,-0.0007253384912959381,0.0,0.0,0.0,0.00273224043715847,0.003302752293577982
140,Annie Pankowski,F,Olympic (Women) - United States,0.1686626746506986,0.0017301038062283738,0.14017385904998447,0.032926829268292684,0.0759493670886076,0.04145077720207254,0.00847457627118644,0.1797337278106509
141,Jesse Compher,F,Olympic (Women) - United States,0.0249500998003992,0.015570934256055362,0.033529959639863396,0.01951219512195122,0.03375527426160337,0.023316062176165803,0.019067796610169493,0.041666666666666664
142,Mich Zandee-Hart,D,Olympic (Women) - Canada,0.01846381093057607,0.0013192612137203166,0.03590425531914893,0.0,0.011811023622047244,0.0016891891891891893,0.0,0.08880733944954128
143,Melissa Samoskevich,F,Olympic (Women) - United States,0.0,0.0,0.017385904998447686,0.0024390243902439024,0.016877637130801686,0.0,0.0,0.024161735700197237
144,Jamie Bourbonnais,D,Olympic (Women) - Canada,0.0014771048744460858,0.002638522427440633,0.0,0.0,0.0026246719160104987,0.0,0.00273224043715847,0.013211009174311929
145,Sydney Brodt,F,Olympic (Women) - United States,0.035928143712574856,0.006920415224913495,0.009934802856255821,0.03048780487804878,0.0,0.023316062176165803,0.019067796610169493,0.02465483234714004
146,Nelli Laitinen,D,Olympic (Women) - Finland,0.0946969696969697,0.0,0.1045353982300885,0.0,0.0,0.0125,0.005050505050505051,0.1792717086834734
147,Elisa Holopainen,F,Olympic (Women) - Finland,0.03409090909090909,0.030303030303030304,0.00165929203539823,0.014084507042253521,0.0,0.0,0.020202020202020204,0.01750700280112045
148,Viivi Vainikka,F,Olympic (Women) - Finland,0.003787878787878788,0.06818181818181818,0.024889380530973452,0.01056338028169014,0.0,0.0,0.045454545454545456,0.04481792717086835
149,Ella Viitasuo,D,Olympic (Women) - Finland,0.0,0.0,-0.0027654867256637168,-0.0035211267605633804,0.0,0.0,0.0,0.011204481792717087
150,Jillian Dempsey,F,Boston Pride,0.20425531914893616,0.16592920353982302,0.3419078242229368,0.10243902439024388,0.11878787878787879,0.2559241706161138,0.3319615912208505,0.47161572052401746
151,McKenna Brand,F,Boston Pride,0.9194528875379939,0.6074589127686473,1.0914101975195223,0.5686411149825784,0.2748051948051948,0.3581584292484767,0.02880658436213992,0.9607766687461011
152,Tereza Vanisova,F,Boston Pride,0.2735562310030395,0.5689001264222503,1.0231396417087737,1.1707317073170733,0.531948051948052,0.2708192281651997,0.16990005878894768,1.0492825951341234
153,Samantha Davis,F,Boston Pride,0.35136778115501516,0.5689001264222503,0.6808107487367937,0.5574912891986062,0.35116883116883113,0.49356804333107646,0.19047619047619047,0.9607766687461011
154,Stephanie Anderson,F,Minnesota Whitecaps,0.36,0.3840909090909091,0.7396551724137931,0.20100502512562815,0.325,0.4225,0.597682119205298,0.8946322067594433
155,Meghan Lorence,F,Minnesota Whitecaps,0.49000000000000005,0.5818181818181818,0.8597701149425288,0.34296482412060303,0.49230769230769234,0.4225,0.20033112582781457,0.6980616302186878
156,Mallory Souliotis,D,Boston Pride,0.3112462006079027,0.05120101137800253,1.3532958199356913,0.005226480836236933,0.4675324675324675,0.01083276912660799,0.284538506760729,2.9956331877729254
157,Taylor Wenczkowski,F,Boston Pride,0.3939209726443769,0.0404551201011378,0.4308107487367937,0.08048780487804877,0.04207792207792208,0.2985781990521327,0.047619047619047616,0.6316281971303805
158,Sydney Baldwin,D,Minnesota Whitecaps,1.1377777777777778,0.00909090909090909,1.943103448275862,-0.013819095477386936,0.01730769230769231,0.04,0.7301324503311257,3.9453280318091446
159,Kaleigh Fratkin,D,Boston Pride,0.3939209726443769,0.2528445006321113,2.8975654570509874,-0.01986062717770035,0.10181818181818182,0.006093432633716993,0.1504997060552616,4.233390517779164
160,Allie Thunstrom,F,Minnesota Whitecaps,0.8711111111111111,0.14545454545454545,0.2775862068965517,0.9045226130653266,0.27692307692307694,0.5625,0.32450331125827814,0.8074055666003976
161,Chelsey Brodt-Rosenthal,D,Minnesota Whitecaps,0.01,0.00909090909090909,0.06896551724137931,-0.011306532663316583,0.04807692307692308,0.0,0.026490066225165563,1.3608349900596421
162,Nina Rodgers,F,Minnesota Whitecaps,0.3211111111111111,0.18409090909090908,0.4045977011494253,0.06030150753768844,0.12307692307692308,0.20249999999999999,0.27980132450331124,0.5725646123260437
163,Emma Stauber,D,Minnesota Whitecaps,0.13444444444444445,0.03636363636363636,0.632183908045977,0.01884422110552764,0.03076923076923077,0.0225,0.059602649006622516,1.6304671968190856
164,Christina Putigna,F,Boston Pride,0.41610942249240124,0.1618204804045512,0.42460955443270554,0.21846689895470384,0.5657142857142857,0.17332430602572785,0.11522633744855967,0.8112913287585776
165,Haylea Schmid,F,Minnesota Whitecaps,0.12,0.04848484848484848,0.10217113665389528,0.053601340033500845,0.06410256410256411,0.12,0.2207505518763797,0.2415506958250497
166,Winny Brodt-Brown,D,Minnesota Whitecaps,0.02777777777777778,0.00909090909090909,0.14482758620689656,0.0314070351758794,0.007692307692307693,0.0,0.08112582781456953,0.5725646123260437
167,Lauren Kelly,D,Boston Pride,0.5361702127659574,0.0404551201011378,0.8173518603582911,-0.013588850174216027,0.0748051948051948,0.01083276912660799,0.21222810111699,2.360885839051778
168,Lexie Laing,F,Boston Pride,0.160790273556231,0.05120101137800253,0.2014813964170877,0.05574912891986063,0.2290909090909091,0.17332430602572785,0.16990005878894768,0.42701185277604486
169,Mary Parker,F,Boston Pride,0.05319148936170213,0.05420353982300885,0.09646302250803859,0.06829268292682927,0.07363636363636364,0.010663507109004738,0.037037037037037035,0.18681768558951964
170,Jenna Rheault,D,Boston Pride,0.011347517730496453,0.0014749262536873156,0.045685959271168274,0.007317073170731708,0.0012121212121212121,0.0015797788309636653,0.021947873799725653,0.11371906841339156
171,Paige Capistran,D,Boston Pride,0.07781155015197568,0.005689001264222502,0.37896187413872306,0.0010452961672473868,0.008311688311688312,0.0027081922816519976,0.0376249265138154,1.4211634435433564
172,Tori Sullivan,F,Boston Pride,0.051367781155015196,0.18268015170670038,0.409967845659164,0.06794425087108014,0.04207792207792208,0.06770480704129993,0.11522633744855967,0.26232064878353084
173,Carlee Turner,F,Boston Pride,0.160790273556231,0.0404551201011378,0.1587620578778135,0.11149825783972127,0.0748051948051948,0.05484089370345295,0.11522633744855967,0.3094978165938865
174,Meaghan Rickard,F,Boston Pride,0.09848024316109423,0.01011378002528445,0.022967386311437767,0.09930313588850175,0.0187012987012987,0.15233581584292485,0.08465608465608465,0.1796631316281971
175,Meghara McManus,F,Boston Pride,0.17507598784194528,0.02275600505689001,0.010163068442811214,0.26062717770034843,0.15012987012987014,0.2193635748138118,0.16990005878894768,0.2028228321896444
176,Amanda Leveille,G,Minnesota Whitecaps,0.0,0.0,0.19444444444444445,0.0,0.0,0.0,0.0,0.3044234592445328
177,Haley Mack,F,Minnesota Whitecaps,0.18777777777777777,1.4204545454545454,0.5862068965517241,0.8442211055276382,0.6942307692307693,0.20249999999999999,0.026490066225165563,0.8650596421471173
178,Maddie Rowe,D,Minnesota Whitecaps,0.11111111111111112,0.020454545454545454,0.8718390804597701,0.00628140703517588,0.09423076923076923,0.0,0.23841059602649006,2.636431411530815
179,Jonna Curtis,F,Minnesota Whitecaps,0.4444444444444445,0.275,0.36015325670498083,0.8178391959798995,0.8480769230769232,0.25,0.16556291390728478,1.2882703777335984
180,Audra Richards,F,Minnesota Whitecaps,0.21777777777777776,0.03636363636363636,0.010153256704980842,0.07035175879396985,0.15576923076923077,0.25,0.041390728476821195,0.6463717693836979
181,Meaghan Pezon,F,Minnesota Whitecaps,0.07111111111111111,0.08181818181818182,0.5823754789272031,0.04522613065326633,0.01730769230769231,0.0625,0.13410596026490065,0.4811133200795229
182,Sara Bustad,D,Minnesota Whitecaps,0.16,0.0,0.06302681992337164,0.0,0.0019230769230769232,0.0025,0.006622516556291391,0.5032306163021869
183,Lynn Astrup,D,Minnesota Whitecaps,0.0044444444444444444,0.0,-0.0030651340996168583,0.005025125628140704,0.0019230769230769232,0.01,0.006622516556291391,0.012176938369781313
184,Brooke White,F,Minnesota Whitecaps,0.0,0.0022727272727272726,0.00632183908045977,0.010050251256281407,0.0019230769230769232,0.0,0.006622516556291391,0.020129224652087475
185,Lovisa Selander,G,Boston Pride,0.0,0.0,0.042443729903536974,0.0,0.0,0.0,0.0,0.05283842794759826
186,Rose Alleva,D,Minnesota Whitecaps,0.005925925925925926,0.0,0.0053639846743295016,0.0,0.0,0.0,0.0,0.016235917826375085
187,Kayla Friesen,F,Connecticut Whale,0.643552311435523,0.1683848797250859,0.10779436152570483,0.1693121693121693,0.5536723163841808,0.18233618233618235,0.24444444444444444,1.0434782608695652
188,Tori Howran,D,Connecticut Whale,0.20559610705596104,0.3436426116838488,1.0071073205401564,0.06172839506172839,0.1016949152542373,0.0,0.3414141414141414,2.347826086956522
189,Shannon Doyle,D,Connecticut Whale,0.3293795620437956,0.041237113402061855,1.122956645344705,-0.010582010582010581,0.13559322033898305,0.002136752136752137,0.43787878787878787,3.3967391304347827
190,Nicole Guagliardo,F,Connecticut Whale,0.08941605839416059,0.04639175257731959,0.11194029850746269,0.09259259259259259,0.15254237288135594,0.038461538461538464,0.012121212121212121,0.25043478260869567
191,Alyson Matteau,D,Buffalo Beauts,0.2988700564971752,0.03531073446327684,1.2725118483412323,0.08333333333333333,0.16765873015873015,0.01293103448275862,0.5084306095979247,2.326747397493095
192,Erin Gehen,F,Buffalo Beauts,0.18305084745762712,0.3177966101694915,0.22406529752501317,0.21853146853146851,0.14285714285714285,0.09195402298850575,0.12710765239948119,0.7317824516677289
193,Jordan Juron,F,Buffalo Beauts,0.4751412429378531,0.2033898305084746,0.3521151483236791,0.30303030303030304,0.14285714285714285,0.3232758620689655,0.2859922178988327,0.9586785638410878
194,Abbie Ives,G,Connecticut Whale,0.0,0.0,0.028429282160625444,0.0,0.0,0.0,0.0,0.10521739130434782
195,Marie-Jo Pelletier,D,Buffalo Beauts,0.203954802259887,0.11440677966101695,1.2502194137265226,0.06934731934731934,0.048611111111111105,0.0,0.3735408560311284,2.23337582324198
196,Janine Weber,F,Connecticut Whale,0.7673357664233577,0.12628865979381443,0.29832977967306323,0.1693121693121693,0.211864406779661,0.7713675213675214,0.09696969696969697,0.6817391304347826
197,Carly Jackson,G,Buffalo Beauts,0.0,0.0,0.21037388098999474,0.0,0.0,0.0,0.005836575875486381,0.3213299341406416
198,Whitney Dove,D,Buffalo Beauts,0.2988700564971752,0.03531073446327684,0.7393364928909952,0.14393939393939392,0.0248015873015873,0.005747126436781609,0.14591439688715954,2.3582961546632677
199,Emma Vlasic,F,Connecticut Whale,0.20529197080291972,0.3711340206185567,0.511727078891258,0.07936507936507936,0.05296610169491525,0.3076923076923077,0.21818181818181817,0.8356521739130435
200,Dominique Kremer,D,Buffalo Beauts,0.1446327683615819,0.03531073446327684,0.5649464630507285,0.1217948717948718,0.22321428571428573,0.05172413793103448,0.5453955901426718,1.907371999150202
201,Katelynn Russ,F,Connecticut Whale,0.6167883211678832,0.09278350515463918,0.12437810945273632,0.21825396825396826,0.4152542372881356,0.3611111111111111,0.18333333333333332,0.6817391304347826
202,Alyssa Wohlfeiler,F,Connecticut Whale,0.5255474452554745,0.7448453608247422,1.2153518123667377,0.7605820105820106,0.211864406779661,0.6923076923076923,0.09696969696969697,0.5878260869565217
203,Autumn MacDougall,F,Buffalo Beauts,0.18305084745762712,0.0692090395480226,0.24021414779708622,0.12121212121212123,0.3968253968253968,0.20689655172413793,0.031776913099870296,0.6298066709156576
204,Maggie LaGue,D,Connecticut Whale,0.4416058394160584,0.010309278350515464,1.0788912579957357,0.10185185185185185,0.07627118644067797,0.05341880341880342,0.3878787878787879,2.5356521739130433
205,Elena Orlando,D,Connecticut Whale,0.032846715328467155,0.002577319587628866,0.17786069651741293,-0.027777777777777776,0.019067796610169493,0.0,0.07424242424242425,1.2556521739130435
206,Brooke Stacey,F,Buffalo Beauts,0.3254237288135593,0.0692090395480226,0.18773038441284887,0.201048951048951,0.06349206349206349,0.28160919540229884,0.031776913099870296,0.3213299341406416
207,Kayla Meneghin,F,Buffalo Beauts,0.004519774011299434,0.025423728813559324,-0.02545199227663683,0.09324009324009325,0.09722222222222221,0.0028735632183908046,0.005188067444876783,0.0613979179944763
208,Hunter Accursi,F,Buffalo Beauts,0.027683615819209043,0.0014124293785310734,0.014481305950500258,0.02097902097902098,0.015873015873015872,0.022988505747126436,0.005836575875486381,0.1227958359889526
209,Taylor Marchin,D,Connecticut Whale,0.09124087591240876,0.010309278350515464,0.13912579957356075,-0.010582010582010581,0.13559322033898305,0.0,0.12272727272727273,1.1904347826086956
210,Grace Klienbach,F,Connecticut Whale,0.058394160583941604,0.023195876288659795,0.06041222459132907,0.01984126984126984,0.00847457627118644,0.05341880341880342,0.024242424242424242,0.14695652173913043
211,Megan Delay,D,Buffalo Beauts,0.11073446327683617,0.005649717514124294,0.015095664384763896,0.005244755244755245,0.003968253968253968,0.0014367816091954023,0.12710765239948119,0.899086466964096
212,Sarah Schwenzfeier,F,Connecticut Whale,0.13138686131386862,0.002577319587628866,0.0,0.15476190476190477,0.05296610169491525,0.05341880341880342,0.18333333333333332,0.5008695652173913
213,Kaycie Anderson,F,Connecticut Whale,0.17883211678832117,0.041237113402061855,-0.020788912579957356,0.08465608465608465,0.05296610169491525,0.2136752136752137,0.013636363636363636,0.3139130434782609
214,Maddie Bishop,F,Connecticut Whale,0.014598540145985401,0.023195876288659795,0.008528784648187633,0.03306878306878307,0.00847457627118644,0.0,0.03787878787878788,0.048913043478260865
215,Amanda Conway,F,Connecticut Whale,0.09124087591240876,0.041237113402061855,0.006218905472636816,0.08465608465608465,0.019067796610169493,0.1047008547008547,0.013636363636363636,0.12521739130434784
216,Iveta Klimasova,F,Buffalo Beauts,0.08135593220338982,0.05084745762711865,0.0,0.04487179487179488,0.03571428571428571,0.03591954022988506,0.01621271076523995,0.2550456766517952
217,Mackenzie Lancaster,F,Connecticut Whale,0.14720194647201945,0.0859106529209622,0.31840796019900497,0.2821869488536155,0.07062146892655367,0.1396011396011396,0.01818181818181818,0.41855072463768117
218,Neve Van Pelt,F,Buffalo Beauts,0.024406779661016946,0.027118644067796613,0.008425487098472888,0.017482517482517484,0.019047619047619046,0.006896551724137931,0.06303501945525292,0.18406628425748886
219,Kristin Lewicki,F,Buffalo Beauts,0.24915254237288137,0.40819209039548027,0.4566438476391083,0.3304195804195804,0.28670634920634924,0.6336206896551725,0.1874189364461738,0.7495219885277247
220,Hanna Beattie,D,Connecticut Whale,0.1104014598540146,0.06443298969072164,0.15191897654584222,0.0,0.03389830508474576,0.0,0.34090909090909094,2.0878260869565217
221,Brittany Colton,D,Buffalo Beauts,0.014124293785310734,0.0014124293785310734,0.02281902755836405,0.046620046620046623,0.003968253968253968,0.0014367816091954023,0.01621271076523995,0.09560229445506692
222,Cassidy MacPherson,F,Buffalo Beauts,0.203954802259887,0.2768361581920904,0.46419167983149023,0.3618881118881119,0.35813492063492064,0.09195402298850575,0.2594033722438392,0.899086466964096
223,Lenka Curmova,D,Buffalo Beauts,0.1271186440677966,0.005649717514124294,0.0718799368088468,0.006993006993006993,0.008928571428571428,0.022988505747126436,0.2859922178988327,0.8226046314000426
224,Shiann Darkangelo,F,Toronto Six,0.4909090909090909,0.49603174603174605,1.4290780141843973,0.25858585858585864,0.8843669250645996,0.313953488372093,0.36432506887052346,1.9606508875739646
225,Emma Greco,D,Toronto Six,0.10946969696969697,0.007142857142857143,0.07294832826747714,0.0035353535353535356,0.03165374677002584,0.003875968992248062,0.1349862258953168,1.3499999999999999
226,Sammy Kolowrat,D,Metropolitan Riveters,0.050200803212851405,0.003875968992248062,0.21112158341187567,0.0,0.0036630036630036634,0.0,0.16161616161616163,2.8157453936348413
227,Kiira Dosdall,D,Metropolitan Riveters,0.5803212851405622,0.13953488372093023,2.238454288407163,0.019354838709677427,0.13186813186813187,0.0,0.16161616161616163,3.242881072026801
228,Madison Packer,F,Metropolitan Riveters,0.45180722891566266,0.3875968992248062,1.5394282123782597,0.3440860215053763,0.7179487179487181,0.46948356807511743,0.5681818181818182,1.3132328308207706
229,Emma Woods,F,Toronto Six,0.44545454545454544,0.14404761904761906,0.9905557967867997,0.175,0.3498062015503876,0.05232558139534883,0.1487603305785124,0.4313609467455621
230,Emily Janiga,F,Metropolitan Riveters,0.1285140562248996,0.03488372093023256,0.16933710336160857,0.25806451612903225,0.09157509157509158,0.07511737089201878,0.42676767676767674,0.542713567839196
231,Sarah Steele,D,Toronto Six,0.10946969696969697,0.15555555555555556,1.5877116804168474,5.046468293750711e-19,0.06459948320413438,0.0009689922480620155,0.08333333333333333,1.9606508875739646
232,Megan Quinn,D,Toronto Six,0.08522727272727272,0.07936507936507936,0.675423360833695,-0.00202020202020202,0.005813953488372093,0.0,0.08333333333333333,1.8509861932938856
233,Kelly Babstock,F,Metropolitan Riveters,0.39357429718875503,0.24806201550387597,0.2827521206409048,0.6193548387096776,0.4432234432234432,0.46948356807511743,0.2045454545454545,0.5129815745393635
234,Jayne Lewis,F,Metropolitan Riveters,0.018072289156626505,0.0,-0.006597549481621106,0.002150537634408602,0.0036630036630036634,0.004694835680751174,0.0,0.06030150753768845
235,Leila Kilduff,D,Metropolitan Riveters,0.050200803212851405,0.06201550387596899,0.5683317624882187,0.0064516129032258064,0.014652014652014654,0.004694835680751174,0.5681818181818182,0.6700167504187605
236,Breanne Wilson-Bennett,F,Toronto Six,0.3640151515151515,0.3841269841269841,0.5644811115935736,0.2398989898989899,0.2583979328165375,0.4689922480620155,0.4304407713498623,1.1290927021696253
237,Lindsay Eastwood,D,Toronto Six,0.4909090909090909,0.17857142857142855,1.273700969749602,0.006565656565656572,0.10917312661498707,0.003875968992248062,0.19903581267217632,2.278500986193294
238,Kendall Cornine,F,Metropolitan Riveters,0.2429718875502008,0.24806201550387597,0.23122840087967328,0.2258064516129032,0.13186813186813187,0.16901408450704225,0.06313131313131314,0.8860971524288107
239,Paige Voight,F,Metropolitan Riveters,0.050200803212851405,0.003875968992248062,0.12566760917373543,0.07741935483870968,0.09157509157509158,0.07511737089201878,0.16161616161616163,0.542713567839196
240,Rebecca Morse,D,Metropolitan Riveters,0.7248995983935742,0.24806201550387597,1.065975494816211,0.07526881720430108,0.0036630036630036634,0.16901408450704225,0.42676767676767674,2.170854271356784
241,Natalie Marcuzzi,F,Toronto Six,0.3640151515151515,0.06428571428571428,0.20668693009118544,0.13888888888888887,0.07816537467700259,0.21802325581395351,0.36432506887052346,0.7988165680473372
242,Taylor Woods,F,Toronto Six,0.6681818181818182,0.13412698412698412,1.6306990881458967,0.1212121212121212,0.07816537467700259,0.11724806201550388,0.1349862258953168,3.020216962524655
243,Mallory Rushton,F,Metropolitan Riveters,0.20080321285140562,0.09689922480620156,0.2403393025447691,0.12903225806451613,0.058608058608058615,0.3004694835680751,0.022727272727272724,0.37688442211055273
244,Theresa Knutson,F,Metropolitan Riveters,0.5140562248995983,0.18992248062015507,0.37574615142946904,0.25161290322580643,0.4432234432234432,0.3004694835680751,0.06313131313131314,0.4288107202680067
245,Allie Olnowich,D,Metropolitan Riveters,0.20080321285140562,0.003875968992248062,0.15080113100848258,0.0,0.0036630036630036634,0.004694835680751174,0.06313131313131314,0.40242881072026804
246,Kristen Barbara,D,Toronto Six,0.02784090909090909,0.01904761904761905,0.38721233174120717,0.012121212121212121,0.00872093023255814,0.005813953488372093,0.08367768595041322,0.5325443786982249
247,Elaine Chuli,G,Toronto Six,0.0,0.0,0.07676943117672601,0.0,0.0,0.0,0.0,0.1288757396449704
248,Taytum Clairmont,F,Toronto Six,0.06401515151515151,0.15555555555555556,0.43385439282095817,0.1111111111111111,0.10917312661498707,0.09689922480620156,0.08333333333333333,0.4427021696252465
249,Julie Allen,F,Toronto Six,0.003409090909090909,0.0031746031746031746,0.04515848892748588,-0.002525252525252525,0.041343669250646,0.003875968992248062,0.06887052341597796,0.1009861932938856
250,Rebecca Russo,F,Metropolitan Riveters,0.09839357429718876,0.06201550387596899,0.42632736412189753,0.025806451612903226,0.13186813186813187,0.16901408450704225,0.06313131313131314,0.8479899497487438
251,Kate Leary,F,Metropolitan Riveters,0.20080321285140562,0.7596899224806203,0.8630223060006285,0.6129032258064516,0.7179487179487181,0.11737089201877936,0.06313131313131314,1.0891959798994975
252,Emily Fluke,F,Toronto Six,0.04583333333333334,0.02857142857142857,0.06274424663482414,0.031818181818181815,0.03165374677002584,0.03488372093023256,0.0440771349862259,0.19092702169625245
253,Mikyla Grant-Mentis,F,Toronto Six,0.9094696969696968,0.5785714285714285,0.6426400347372991,1.0560606060606061,0.4366925064599483,0.3875968992248062,0.24862258953168045,1.02603550295858
254,Sarah-Eve Coutu Godbout,F,Toronto Six,0.6681818181818182,0.11428571428571428,0.12244897959183676,0.22626262626262628,0.18669250645994837,0.3875968992248062,0.11639118457300275,0.4832347140039448
255,Saroya Tinker,D,Metropolitan Riveters,0.09839357429718876,0.015503875968992248,0.58435438265787,-0.07741935483870968,0.014652014652014654,0.0,0.06313131313131314,1.3132328308207706
256,Amy Curlew,F,Toronto Six,0.03068181818181818,0.012698412698412698,0.10421189752496743,0.03888888888888889,0.06459948320413438,0.07848837209302326,0.011019283746556474,0.1009861932938856
257,Brooke Avery,F,Metropolitan Riveters,0.0,0.015503875968992248,0.1407477222745837,-0.0064516129032258064,0.0,0.0,0.010101010101010102,0.08207705192629816
258,Mackenzie MacNeil,F,Toronto Six,0.25606060606060604,0.03888888888888889,0.08575770733825444,0.4065656565656565,0.37209302325581395,0.13953488372093023,0.15495867768595042,0.6
259,Brooke Boquist,F,Toronto Six,0.41420454545454544,0.17142857142857143,0.4429005644811116,0.08484848484848485,0.3498062015503876,0.28488372093023256,0.009297520661157025,0.3408284023668639
260,Cailey Hutchison,F,Metropolitan Riveters,0.0321285140562249,0.015503875968992248,0.017593465284322974,-0.0064516129032258064,0.0036630036630036634,0.004694835680751174,0.16161616161616163,0.18467336683417088
261,Victoria Hanson,G,Boston Pride,0.0,0.0,0.01929260450160772,0.0,0.0,0.0,0.0013717421124828533,0.02620087336244541
262,Brooke Wolejko,G,Connecticut Whale,0.0,0.0,0.07036247334754797,0.0,0.0,0.0,0.0,0.10521739130434782
263,Tera Hofmann,G,Metropolitan Riveters,0.0,0.0,0.11027332704995288,0.0,0.0,0.0,0.0,0.21231155778894473
264,Samantha Ridgewell,G,Toronto Six,0.0,0.0,0.04342162396873643,0.0,0.0,0.0,0.0,0.05917159763313609
265,Briana Mastel,D,Boston Pride,0.07191489361702127,0.01415929203539823,0.2951768488745981,-0.002439024390243902,0.006545454545454546,0.0009478672985781991,0.029629629629629627,1.1358078602620085
266,Laurel Hill,D,Connecticut Whale,0.016423357664233577,0.0,-0.010305614783226724,0.0,0.0,0.0,0.012121212121212121,0.29391304347826086
267,Taylor Wasylk,F,Buffalo Beauts,0.19067796610169493,0.00847457627118644,0.0556872037914692,0.06993006993006994,0.12053571428571427,0.034482758620689655,0.024319066147859923,0.2678457616316125
268,Lisa Chesson,D,Buffalo Beauts,0.09152542372881356,0.002824858757062147,0.22380200105318593,0.01048951048951049,0.017857142857142856,0.07183908045977012,0.08300907911802853,0.816656044189505
269,Caty Flagg,G,Buffalo Beauts,0.0,0.0,0.000526592943654555,0.0,0.0,0.0,0.0,0.0006373486297004461
270,Rachael Ade,D,Connecticut Whale,0.058394160583941604,0.0,0.022743425728500355,0.015873015873015872,0.00847457627118644,0.03418803418803419,0.024242424242424242,0.10521739130434782
271,Maeve Reilly,F,Connecticut Whale,0.0036496350364963502,0.0,0.0,0.0,0.0,0.008547008547008548,0.006060606060606061,0.00782608695652174
272,Sarah Hughson,F,Connecticut Whale,0.014598540145985401,0.010309278350515464,0.0,-0.005291005291005291,0.00847457627118644,0.008547008547008548,0.024242424242424242,0.00782608695652174
273,Mariah Fujimagari,G,Connecticut Whale,0.0,0.0,0.005685856432125089,0.0,0.0,0.0,0.0,0.01391304347826087
